child_id,child_gender,primary_language,secondary_language,environment_type,camera_used,microphone_used,child_age_months,total_questions_correct,avg_response_time_ms,attention_drop_events,gaze_shift_frequency,speech_response_latency_ms,visual_prompt_success_rate,language_risk_score,attention_risk_score,diagnosis_label
C0,M,English,None,Clinic,0,1,80,48,2306,19,0.23641929894983324,976,0.24102546602601171,0.3910606075732408,0.5677003278199915,ADHD
C1,F,English,None,Clinic,1,1,59,26,689,2,0.15204127438822362,1569,0.6832635188254582,0.18223608778806233,0.03131329245555858,Dyslexia
C2,M,Hindi,None,Clinic,1,1,69,41,3234,4,0.8591084298026667,764,0.6099966577826209,0.7553614103176525,0.8422847745949985,No Risk
C3,M,Spanish,French,Home,1,1,91,27,3505,18,0.8725056264596475,1097,0.8331949117361643,0.4251558744912447,0.44975413336976566,ADHD
C4,M,Hindi,None,Clinic,1,0,72,15,2399,6,0.746717878493169,1563,0.17336465350777208,0.20794166286818883,0.3951502360018144,No Risk
